{
  "d" : {
    "FrontId": "SOMEUSER",
    "NotificationNo": "493500019762",
    "PartSet": {
      "results": [
        {
          "Material": "6396734",
          "Quantity": "2",
          "DescTxt": "Material 1",
          "CustomerPrice": "40000.000",
          "CustomerCurrency": "EUR",
          "RepairPrice": "9592.000",
          "RepairCurrency": "EUR",
          "Available": "16093",
          "ExtUnit": "ST",
          "MatStatus": "",
          "StorageLoc": "1000",
          "StorageLocDesc": "10032476",
          "NDFQuote": "002",
          "NDFCounter": "000001",
          "TSPercentage": "016",
          "TSPercentageCounter": "000001"
        },
        {
          "Material": "6396734",
          "Quantity": "2",
          "DescTxt": "Material 2",
          "CustomerPrice": "40000.000",
          "CustomerCurrency": "EUR",
          "RepairPrice": "9592.000",
          "RepairCurrency": "EUR",
          "Available": "2994",
          "ExtUnit": "ST",
          "MatStatus": "",
          "StorageLoc": "1100",
          "StorageLocDesc": "10032508",
          "NDFQuote": "002",
          "NDFCounter": "000001",
          "TSPercentage": "016",
          "TSPercentageCounter": "000001"
        },
        {
          "Material": "6396734",
          "Quantity": "2",
          "DescTxt": "Material 3",
          "CustomerPrice": "40000.000",
          "CustomerCurrency": "EUR",
          "RepairPrice": "9592.000",
          "RepairCurrency": "EUR",
          "Available": "998",
          "ExtUnit": "ST",
          "MatStatus": "",
          "StorageLoc": "1200",
          "StorageLocDesc": "10032550",
          "NDFQuote": "002",
          "NDFCounter": "000001",
          "TSPercentage": "016",
          "TSPercentageCounter": "000001"
        },
        {
          "Material": "6396734",
          "Quantity": "2",
          "DescTxt": "Material 4",
          "CustomerPrice": "40000.000",
          "CustomerCurrency": "EUR",
          "RepairPrice": "9592.000",
          "RepairCurrency": "EUR",
          "Available": "1200",
          "ExtUnit": "ST",
          "MatStatus": "",
          "StorageLoc": "1300",
          "StorageLocDesc": "20002767",
          "NDFQuote": "002",
          "NDFCounter": "000001",
          "TSPercentage": "016",
          "TSPercentageCounter": "000001"
        },
        {
          "Material": "6396734",
          "Quantity": "2",
          "DescTxt": "Material 5",
          "CustomerPrice": "40000.000",
          "CustomerCurrency": "EUR",
          "RepairPrice": "9592.000",
          "RepairCurrency": "EUR",
          "Available": "3",
          "ExtUnit": "ST",
          "MatStatus": "",
          "StorageLoc": "1600",
          "StorageLocDesc": "20231792",
          "NDFQuote": "002",
          "NDFCounter": "000001",
          "TSPercentage": "016",
          "TSPercentageCounter": "000001"
        },
        {
          "Material": "6396734",
          "Quantity": "2",
          "DescTxt": "Accessory 1",
          "CustomerPrice": "40000.000",
          "CustomerCurrency": "EUR",
          "RepairPrice": "9592.000",
          "RepairCurrency": "EUR",
          "Available": "1",
          "ExtUnit": "ST",
          "MatStatus": "",
          "StorageLoc": "1606",
          "StorageLocDesc": "20198160",
          "NDFQuote": "002",
          "NDFCounter": "000001",
          "TSPercentage": "016",
          "TSPercentageCounter": "000001"
        },
        {
          "Material": "6396734",
          "Quantity": "2",
          "DescTxt": "Accessory 2",
          "CustomerPrice": "40000.000",
          "CustomerCurrency": "EUR",
          "RepairPrice": "9592.000",
          "RepairCurrency": "EUR",
          "Available": "1",
          "ExtUnit": "ST",
          "MatStatus": "",
          "StorageLoc": "1608",
          "StorageLocDesc": "20195097",
          "NDFQuote": "002",
          "NDFCounter": "000001",
          "TSPercentage": "016",
          "TSPercentageCounter": "000001"
        },
        {
          "Material": "6396734",
          "Quantity": "2",
          "DescTxt": "Accessory 3",
          "CustomerPrice": "40000.000",
          "CustomerCurrency": "EUR",
          "RepairPrice": "9592.000",
          "RepairCurrency": "EUR",
          "Available": "1",
          "ExtUnit": "ST",
          "MatStatus": "",
          "StorageLoc": "1616",
          "StorageLocDesc": "10033114",
          "NDFQuote": "002",
          "NDFCounter": "000001",
          "TSPercentage": "016",
          "TSPercentageCounter": "000001"
        },
        {
          "Material": "6396734",
          "Quantity": "2",
          "DescTxt": "Software License 1",
          "CustomerPrice": "40000.000",
          "CustomerCurrency": "EUR",
          "RepairPrice": "9592.000",
          "RepairCurrency": "EUR",
          "Available": "1",
          "ExtUnit": "ST",
          "MatStatus": "",
          "StorageLoc": "1626",
          "StorageLocDesc": "20253512",
          "NDFQuote": "002",
          "NDFCounter": "000001",
          "TSPercentage": "016",
          "TSPercentageCounter": "000001"
        },
        {
          "Material": "6396734",
          "Quantity": "2",
          "DescTxt": "Software License 1",
          "CustomerPrice": "40000.000",
          "CustomerCurrency": "EUR",
          "RepairPrice": "9592.000",
          "RepairCurrency": "EUR",
          "Available": "33",
          "ExtUnit": "ST",
          "MatStatus": "",
          "StorageLoc": "3000",
          "StorageLocDesc": "10032476_ret",
          "NDFQuote": "002",
          "NDFCounter": "000001",
          "TSPercentage": "016",
          "TSPercentageCounter": "000001"
        },
        {
          "Material": "6396734",
          "Quantity": "2",
          "DescTxt": "Software License 2",
          "CustomerPrice": "40000.000",
          "CustomerCurrency": "EUR",
          "RepairPrice": "9592.000",
          "RepairCurrency": "EUR",
          "Available": "1",
          "ExtUnit": "ST",
          "MatStatus": "",
          "StorageLoc": "3300",
          "StorageLocDesc": "20002767_ret",
          "NDFQuote": "002",
          "NDFCounter": "000001",
          "TSPercentage": "016",
          "TSPercentageCounter": "000001"
        },
        {
          "Material": "6396734",
          "Quantity": "2",
          "DescTxt": "Software License 3",
          "CustomerPrice": "40000.000",
          "CustomerCurrency": "EUR",
          "RepairPrice": "9592.000",
          "RepairCurrency": "EUR",
          "Available": "1010",
          "ExtUnit": "ST",
          "MatStatus": "",
          "StorageLoc": "DEP1",
          "StorageLocDesc": "Depot 1- test",
          "NDFQuote": "002",
          "NDFCounter": "000001",
          "TSPercentage": "016",
          "TSPercentageCounter": "000001"
        },
        {
          "Material": "6396734",
          "Quantity": "2",
          "DescTxt": "Power Cord",
          "CustomerPrice": "40000.000",
          "CustomerCurrency": "EUR",
          "RepairPrice": "9592.000",
          "RepairCurrency": "EUR",
          "Available": "10",
          "ExtUnit": "ST",
          "MatStatus": "",
          "StorageLoc": "PO",
          "StorageLocDesc": "CSML GERMANY",
          "NDFQuote": "002",
          "NDFCounter": "000001",
          "TSPercentage": "016",
          "TSPercentageCounter": "000001"
        }
      ]
    }
  }
}
